Workbook

Sheet 제안 요약
B2: =IF('절감 산출'!B2="","",'절감 산출'!B2&" ")&"LED 교체 절감효과 산출서"
B3: 지하주차장 · 공동주택 공용부 조명 에너지 절감 시뮬레이션
B5: 연간 전력사용량 | D5: 현재 연간 전기요금 | F5: 에너지 Saving Ratio | G5: 연간 절감 요금 (1년차)
B6: ='절감 산출'!B7 | D6: ='절감 산출'!B9 | F6: ='절감 산출'!B17 | G6: ='절감 산출'!B19
B8: 아파트 10년 누적 순수익 (예측)
B9: ='절감 산출'!J15
B10: ="전기 절감 배분수익 "&TEXT(SUM('절감 산출'!J4:J13),"#,##0")&"원 + 자체 시설교체 추가투자 비용 절감액 "&TEXT('절감 산출'!J14,"#,##0")&"원"
B12: 년차별 성과공유 (전기요금 연 5% 상승 기준)
B13: 년차 | C13: 전기요금 절감액 | D13: 건물 비율 | E13: 건물(아파트) 수익 | F13: 운영사 수익 | G13: 건물 누적 수익 | H13: 건물 수익
B14: ='절감 산출'!E4 | C14: ='절감 산출'!F4 | D14: ='절감 산출'!H4 | E14: ='절감 산출'!J4 | F14: ='절감 산출'!I4 | G14: =E14 | H14: =REPT("█",ROUND(IFERROR(E14/MAX($E$14:$E$23),0)*22,0))
B15: ='절감 산출'!E5 | C15: ='절감 산출'!F5 | D15: ='절감 산출'!H5 | E15: ='절감 산출'!J5 | F15: ='절감 산출'!I5 | G15: =G14+E15 | H15: =REPT("█",ROUND(IFERROR(E15/MAX($E$14:$E$23),0)*22,0))
B16: ='절감 산출'!E6 | C16: ='절감 산출'!F6 | D16: ='절감 산출'!H6 | E16: ='절감 산출'!J6 | F16: ='절감 산출'!I6 | G16: =G15+E16 | H16: =REPT("█",ROUND(IFERROR(E16/MAX($E$14:$E$23),0)*22,0))
B17: ='절감 산출'!E7 | C17: ='절감 산출'!F7 | D17: ='절감 산출'!H7 | E17: ='절감 산출'!J7 | F17: ='절감 산출'!I7 | G17: =G16+E17 | H17: =REPT("█",ROUND(IFERROR(E17/MAX($E$14:$E$23),0)*22,0))
B18: ='절감 산출'!E8 | C18: ='절감 산출'!F8 | D18: ='절감 산출'!H8 | E18: ='절감 산출'!J8 | F18: ='절감 산출'!I8 | G18: =G17+E18 | H18: =REPT("█",ROUND(IFERROR(E18/MAX($E$14:$E$23),0)*22,0))
B19: ='절감 산출'!E9 | C19: ='절감 산출'!F9 | D19: ='절감 산출'!H9 | E19: ='절감 산출'!J9 | F19: ='절감 산출'!I9 | G19: =G18+E19 | H19: =REPT("█",ROUND(IFERROR(E19/MAX($E$14:$E$23),0)*22,0))
B20: ='절감 산출'!E10 | C20: ='절감 산출'!F10 | D20: ='절감 산출'!H10 | E20: ='절감 산출'!J10 | F20: ='절감 산출'!I10 | G20: =G19+E20 | H20: =REPT("█",ROUND(IFERROR(E20/MAX($E$14:$E$23),0)*22,0))
B21: ='절감 산출'!E11 | C21: ='절감 산출'!F11 | D21: ='절감 산출'!H11 | E21: ='절감 산출'!J11 | F21: ='절감 산출'!I11 | G21: =G20+E21 | H21: =REPT("█",ROUND(IFERROR(E21/MAX($E$14:$E$23),0)*22,0))
B22: ='절감 산출'!E12 | C22: ='절감 산출'!F12 | D22: ='절감 산출'!H12 | E22: ='절감 산출'!J12 | F22: ='절감 산출'!I12 | G22: =G21+E22 | H22: =REPT("█",ROUND(IFERROR(E22/MAX($E$14:$E$23),0)*22,0))
B23: ='절감 산출'!E13 | C23: ='절감 산출'!F13 | D23: ='절감 산출'!H13 | E23: ='절감 산출'!J13 | F23: ='절감 산출'!I13 | G23: =G22+E23 | H23: =REPT("█",ROUND(IFERROR(E23/MAX($E$14:$E$23),0)*22,0))
B24: 합계 | C24: =SUM(C14:C23) | E24: =SUM(E14:E23) | F24: =SUM(F14:F23)
B25: 건물주 추가투자비용 절감액 | E25: ='절감 산출'!J14
B26: 아파트 10년 누적 순수익 | E26: ='절감 산출'!J15
B28: ="산출 기준: 현장 입력값 — 소비전력 "&'절감 산출'!B3&"W · 일일 점등 "&'절감 산출'!B4&"시간 · LED "&TEXT('절감 산출'!B5,"#,##0")&"등 · 전기요금 "&'절감 산출'!B8&"원/kWh · 현재 등 효율 "&'절감 산출'!B13&"lm/W. 고정값 — M-Carbon 등 효율 "&'절감 산출'!B14&"lm/W · Smart IoT 추가 절감 "&TEXT('절감 산출'!B15,"0%")&" · 전기요금 연 5% 상승 · 성과공유 비율(산출 시트 H열). 상세 계산은 ‘절감 산출’ 시트 참고."
B31: 미래이에스피(주) · M-Carbon Solutions

Sheet 절감 산출
A1: 전기사용량 비교 | E1: 성과공유
A2: 고객명 | E2: 년 | F2: 운영수익 | G2: 비율정의 | I2: 수익
A3: 소비전력[W] | B3: 32 | E3: 수익자 | G3: 운영사 | H3: 건물 | I3: 운영사 | J3: 건물
A4: 일일점등시간[시간] | B4: 24 | E4: 1 | F4: =B27 | G4: =1-H4 | H4: 0.2 | I4: =$F4*G4 | J4: =$F4*H4
A5: LED 등수 | B5: 995 | E5: 2 | F5: =B28 | G5: =1-H5 | H5: 0.2 | I5: =$F5*G5 | J5: =$F5*H5
A6: 일 사용량[KW] | B6: =B3*B4*B5/1000 | E6: 3 | F6: =B29 | G6: =1-H6 | H6: 0.2 | I6: =$F6*G6 | J6: =$F6*H6
A7: 년간 전력사용량 [kWh] | B7: =B6*365 | E7: 4 | F7: =B30 | G7: =1-H7 | H7: 0.3 | I7: =$F7*G7 | J7: =$F7*H7
A8: 전기요금[원/KW] | B8: 230 | E8: 5 | F8: =B31 | G8: =1-H8 | H8: 0.3 | I8: =$F8*G8 | J8: =$F8*H8
A9: 현재 기준 년간 전기요금 | B9: =B7*B8 | E9: 6 | F9: =B32 | G9: =1-H9 | H9: 0.4 | I9: =$F9*G9 | J9: =$F9*H9
E10: 7 | F10: =B33 | G10: =1-H10 | H10: 0.4 | I10: =$F10*G10 | J10: =$F10*H10
E11: 8 | F11: =B34 | G11: =1-H11 | H11: 1 | I11: =$F11*G11 | J11: =$F11*H11
A12: 절감율 산출 | E12: 9 | F12: =B35 | G12: =1-H12 | H12: 1 | I12: =$F12*G12 | J12: =$F12*H12
A13: 현재 등 효율 [lm/W] | B13: 120 | E13: 10 | F13: =B36 | G13: =1-H13 | H13: 1 | I13: =$F13*G13 | J13: =$F13*H13
A14: M-Carbon 등 효율 [lm/W] | B14: 180 | E14: 건물주 추가투지비용 절감액 | J14: =B42
A15: Smart IoT추가 절감효율 [%] | B15: 0.25 | E15: 총계 | I15: =SUM(I4:I13) | J15: =SUM(J4:J14)
A17: 에너지 Saving Ratio | B17: =(B14/B13)-1+B15
A18: 연간 절감 전력 [kWh] | B18: =R4
A19: 연간 절감 요금 [원] | B19: =B9*B17
A21: 추가시설비 단가 | B21: 25000
A22: 회수/10년 기준 | B22: 2
A23: 투자비_LED단가적용(제품,시설 및 기타) | B23: =B21*B5*B22
A25: 년차별 절감 예상 | B25: 5% 전기용금 상승 기준
A27: 1 | B27: =B19
A28: 2 | B28: =B27*1.05
A29: 3 | B29: =B28*1.05
A30: 4 | B30: =B29*1.05
A31: 5 | B31: =B30*1.05
A32: 6 | B32: =B31*1.05
A33: 7 | B33: =B32*1.05
A34: 8 | B34: =B33*1.05
A35: 9 | B35: =B34*1.05
A36: 10 | B36: =B35*1.05
A40: 제품 교체비용[매3년] | B40: =ROUNDDOWN((8/3),0)
A41: led평균단가(제품+시설) | B41: 30000
B42: =B41*B40*B5
